<?xml version="1.0" encoding="UTF-8" ?>
<!DOCTYPE log4j:configuration SYSTEM "log4j.dtd">

<!-- este arquivo de configuração, destina-se a padronização do mecanismo 
	de logs da aplicação -->

<log4j:configuration xmlns:log4j="http://jakarta.apache.org/log4j/">

	<appender name="CONSOLE" class="org.apache.log4j.ConsoleAppender">
		<param name="Target" value="System.out" />
		<layout class="org.apache.log4j.PatternLayout">
			<param name="ConversionPattern"
				value="[%-5p] [%d{dd/MM/yyyy} %d{HH:mm:ss}][%c{1}-%t]->%m%n" />
		</layout>
		<filter class="org.apache.log4j.varia.LevelRangeFilter">
			<param name="LevelMin" value="DEBUG" />
			<param name="LevelMax" value="ERROR" />
		</filter>
	</appender>

	<appender name="ALL" class="org.apache.log4j.RollingFileAppender">
		<param name="File" value="logs/basewebapp.log" />
		<param name="Append" value="true" />
		<param name="MaxFileSize" value="10240KB" />
		<param name="MaxBackupIndex" value="2" />
		<layout class="org.apache.log4j.PatternLayout">
			<param name="ConversionPattern" value="%-5p %d{dd/MM/yyyy} %d{HH:mm:ss}[%c{1}-%t]->%m%n" />
		</layout>
		<filter class="org.apache.log4j.varia.LevelRangeFilter">
			<param name="LevelMin" value="DEBUG" />
			<param name="LevelMax" value="ERROR" />
		</filter>
	</appender>

	<logger name="org.hibernate">
		<level value="info" />
	</logger>

	<logger name="org.hibernate.spatial">
		<level value="info" />
	</logger>

	<logger name="com.mchange.v2.resourcepool">
		<level value="error" />
	</logger>

	<logger name="org.springframework">
		<level value="debug" />
	</logger>

	<root>
		<priority value="CONSOLE" />
		<appender-ref ref="CONSOLE" />
		<appender-ref ref="ALL" />
	</root>
</log4j:configuration>