<?xml version="1.0" encoding="UTF-8"?>
<beans:beans xmlns="http://www.springframework.org/schema/security"
	xmlns:xsi="http://www.w3.org/2001/XMLSchema-instance" xmlns:beans="http://www.springframework.org/schema/beans"
	xmlns:sec="http://www.springframework.org/schema/security"
	xsi:schemaLocation="
					http://www.springframework.org/schema/security http://www.springframework.org/schema/security/spring-security-3.1.xsd
 					http://www.springframework.org/schema/beans http://www.springframework.org/schema/beans/spring-beans-3.1.xsd">
	<http auto-config="true" use-expressions="true">

		<!-- <intercept-url pattern="/login.html" access="permitAll" /> -->
		<intercept-url pattern="/index.html" access="hasRole('ROLE_USER')" />

		<form-login login-page="/login.html" default-target-url="/"
			authentication-failure-url="/login.html?login_error=1" />
		<logout logout-success-url="/login.html" />

	</http>

	<authentication-manager>
		<authentication-provider user-service-ref="userDetailsServiceImp">
		</authentication-provider>
	</authentication-manager>
</beans:beans>
